<?xml version="1.0" encoding="utf-8"?>
<!--/954864/1279646/2.50/2/3/Diode/-->
<quadcept_library>
  <setting unit="mil" />
  <textstyle name="Default" height="47.244094488189" strokewidth="7.8740157480315" charwidth="47.244094488189" />
  <textstyle name="Dimension" height="19.6850393700787" strokewidth="0" charwidth="19.6850393700787" />
  <textstyle name="H127W0635TH00762" height="50" strokewidth="3" charwidth="25" />
  <textstyle name="H15W15TH02" height="59.0551181102362" strokewidth="7.8740157480315" charwidth="59.0551181102362" />
  <padstyle name="r122_112" surface="True" plated="False" isvia="False" nopaste="False" nomask="True" complex="False" holesize="0">
    <padshape layer="TOP" shape="rectangle" width="44.094488188976" height="48.031496062992" />
    <padshape layer="TOP_SOLDER_MASK" shape="rectangle" width="51.968503937007" height="55.905511811023" />
    <padshape layer="TOP_SOLDER_PASTE" shape="rectangle" width="44.094488188976" height="48.031496062992" />
  </padstyle>
  <footprint name="SODFL3618X143N" originx="0" originy="0" pickpointx="0" pickpointy="0">
    <pcbpin number="1" name="1" style="r122_112" originx="-61.023622047243" originy="0" rotation="0" />
    <pcbpin number="2" name="2" style="r122_112" originx="61.023622047243" originy="0" rotation="0" />
    <line layer="TOP_PLACE_BOUND" originx="-88.976377952755" originy="43.307086614173" endx="88.976377952755" endy="43.307086614173" width="1.9685039370079" />
    <line layer="TOP_PLACE_BOUND" originx="88.976377952755" originy="43.307086614173" endx="88.976377952755" endy="-43.307086614173" width="1.9685039370079" />
    <line layer="TOP_PLACE_BOUND" originx="88.976377952755" originy="-43.307086614173" endx="-88.976377952755" endy="-43.307086614173" width="1.9685039370079" />
    <line layer="TOP_PLACE_BOUND" originx="-88.976377952755" originy="-43.307086614173" endx="-88.976377952755" endy="43.307086614173" width="1.9685039370079" />
    <line layer="TOP_ASSEMBLY" originx="-55.11811023622" originy="35.433070866141" endx="55.11811023622" endy="35.433070866141" width="3.9370078740157" />
    <line layer="TOP_ASSEMBLY" originx="55.11811023622" originy="35.433070866141" endx="55.11811023622" endy="-35.433070866141" width="3.9370078740157" />
    <line layer="TOP_ASSEMBLY" originx="55.11811023622" originy="-35.433070866141" endx="-55.11811023622" endy="-35.433070866141" width="3.9370078740157" />
    <line layer="TOP_ASSEMBLY" originx="-55.11811023622" originy="-35.433070866141" endx="-55.11811023622" endy="35.433070866141" width="3.9370078740157" />
    <line layer="TOP_ASSEMBLY" originx="-55.11811023622" originy="13.385826771653" endx="-33.070866141732" endy="35.433070866141" width="3.9370078740157" />
    <line layer="TOP_SILKSCREEN" originx="-83.070866141731" originy="35.433070866141" endx="55.11811023622" endy="35.433070866141" width="7.8740157480314" />
    <line layer="TOP_SILKSCREEN" originx="-55.11811023622" originy="-35.433070866141" endx="55.11811023622" endy="-35.433070866141" width="7.8740157480314" />
  </footprint>
  <symbol name="ES1DL_R3G" originx="0" originy="0">
    <line originx="200" originy="100" endx="200" endy="-100" width="0" />
    <line originx="100" originy="0" endx="200" endy="0" width="0" />
    <line originx="400" originy="0" endx="500" endy="0" width="0" />
    <sympin number="1" originx="100" originy="0" rotation="180" length="100" width="7.8740157480315" flipped="False">
      <text name="pinname" originx="140" originy="10" style="Default" rotation="0" justify="left" flipped="False" hidden="True" data="K" />
      <text name="pindes" originx="60" originy="10" style="Default" rotation="0" justify="lowerright" flipped="False" hidden="False" data="1" />
    </sympin>
    <sympin number="2" originx="500" originy="0" rotation="0" length="100" width="7.8740157480315" flipped="False">
      <text name="pinname" originx="460" originy="10" style="Default" rotation="0" justify="right" flipped="False" hidden="True" data="A" />
      <text name="pindes" originx="540" originy="10" style="Default" rotation="0" justify="lowerleft" flipped="False" hidden="False" data="2" />
    </sympin>
    <polygon type="polygon">
      <point x="200" y="0" />
      <point x="400" y="100" />
      <point x="400" y="-100" />
    </polygon>
  </symbol>
  <component name="ES1DL_R3G" designatorprefix="D" height="56.299212598425" footprint="SODFL3618X143N">
    <comppin designator="1" sympin="1" pinswap="0" gateswap="0" gate="1" group="1" side="" type="Any" name="K" />
    <comppin designator="2" sympin="2" pinswap="0" gateswap="0" gate="1" group="1" side="" type="Any" name="A" />
    <attached_symbol gate="1" name="ES1DL_R3G" />
    <pinmap designator="1" footprintpin="1" />
    <pinmap designator="2" footprintpin="2" />
    <text name="Datasheet" originx="0" originy="0" style="Default" rotation="0" justify="" flipped="False" hidden="True" data="" />
    <text name="Description" originx="0" originy="0" style="Default" rotation="0" justify="" flipped="False" hidden="True" data="TAIWAN SEMICONDUCTOR - ES1DL R3G - DIODE, ULTRA-FAST SMF 1A 200V" />
    <text name="Mouser Part Number" originx="0" originy="0" style="Default" rotation="0" justify="" flipped="False" hidden="True" data="821-ES1DLR3G" />
    <text name="Mouser Price/Stock" originx="0" originy="0" style="Default" rotation="0" justify="" flipped="False" hidden="True" data="https://www.mouser.co.uk/ProductDetail/Taiwan-Semiconductor/ES1DL-R3G?qs=70cth9uAySeVkK%252BhDJIsVg%3D%3D" />
    <text name="Manufacturer_Name" originx="0" originy="0" style="Default" rotation="0" justify="" flipped="False" hidden="True" data="Taiwan Semiconductor" />
    <text name="Manufacturer_Part_Number" originx="450" originy="100" style="Default" rotation="0" justify="left" flipped="False" hidden="False" data="ES1DL R3G" />
  </component>
</quadcept_library>
